{"(35, 157)": 9.420450885668277, "(60, 16)": 16.067791164658633, "(39, 39)": 53.922088353413656, "(47, 218)": 11.462059294871796, "(95, 189)": 9.351241987179488, "(186, 47)": 14.043309294871795, "(53, 46)": 8.612419871794872, "(25, 21)": 4.991886490807355, "(6, 60)": 22.42829736211031, "(40, 98)": 18.336810551558752, "(68, 46)": 18.539488409272582, "(81, 36)": 27.659051036682616, "(23, 26)": 16.275, "(119, 22)": 21.759904534606207, "(55, 80)": 9.93766905330151, "(189, 74)": 24.29722222222222, "(163, 161)": 5.502936507936508, "(180, 73)": 7.902969121140143, "(35, 151)": 7.031868566904196, "(226, 33)": 12.068088467614533, "(36, 33)": 30.46271721958926, "(58, 67)": 23.663790386130813, "(47, 192)": 23.636840031520883, "(4, 59)": 7.314775413711584, "(21, 21)": 75.7697793538219, "(60, 49)": 8.09941037735849, "(89, 70)": 8.10086274509804, "(22, 58)": 14.193427230046948, "(189, 185)": 6.928298204527712, "(35, 39)": 14.832903981264637, "(97, 67)": 29.301639344262295, "(36, 35)": 11.749297423887587, "(46, 45)": 12.225, "(16, 57)": 9.672858255451713, "(39, 36)": 10.010994560994561, "(73, 73)": 38.6978243978244, "(60, 189)": 10.757519379844961, "(70, 105)": 13.799651162790697, "(57, 13)": 6.057829457364341, "(7, 23)": 9.798259860788864, "(135, 190)": 17.051427469135803, "(81, 23)": 15.408237105465743, "(26, 16)": 8.244572748267897, "(192, 161)": 9.4784178187404, "(16, 16)": 38.4563601532567, "(139, 178)": 4.533371647509579, "(179, 190)": 18.055325670498082, "(91, 6)": 11.637844036697249, "(58, 190)": 17.487576452599388, "(206, 206)": 61.30561926605505, "(71, 80)": 15.232723112128147, "(108, 97)": 15.64775494672755, "(69, 91)": 20.502473363774733, "(88, 67)": 11.190470766894457, "(27, 30)": 6.188762338648443, "(80, 78)": 23.209356060606062, "(75, 74)": 12.821287878787878, "(60, 42)": 13.531670445956161, "(42, 23)": 23.488095238095237, "(97, 108)": 8.84317496229261, "(58, 36)": 21.500754147812973, "(53, 107)": 9.543815987933636, "(22, 49)": 15.24577677224736, "(190, 117)": 12.870015048908954, "(107, 90)": 9.335585585585585, "(89, 74)": 11.644906367041198, "(23, 42)": 17.663558052434457, "(74, 75)": 15.347159940209268, "(120, 61)": 14.456838565022421, "(218, 190)": 12.239424514200298, "(50, 190)": 14.43849028400598, "(190, 157)": 14.25896860986547, "(61, 61)": 54.30984340044743, "(46, 80)": 11.276800296956198, "(110, 79)": 8.815703703703702, "(66, 226)": 15.944185185185185, "(189, 117)": 4.225259259259259, "(88, 91)": 8.562444444444445, "(222, 59)": 5.35025925925926, "(9, 33)": 8.712158167036216, "(49, 190)": 15.037721238938053, "(68, 53)": 11.203679175864606, "(218, 22)": 6.645290654893304, "(22, 65)": 15.19400294334069, "(104, 110)": 7.731424375917768, "(53, 33)": 14.092454212454212, "(36, 39)": 10.00084249084249, "(107, 84)": 11.929714912280701, "(36, 42)": 16.467872807017542, "(55, 36)": 11.331728665207878, "(52, 68)": 13.182458059810358, "(184, 189)": 8.825674690007295, "(178, 75)": 6.035448577680525, "(239, 220)": 5.17363238512035, "(96, 76)": 8.433042212518195, "(42, 54)": 65.90003631082062, "(228, 60)": 6.281336238198984, "(98, 40)": 19.649202898550723, "(79, 68)": 9.884057971014494, "(22, 146)": 22.230434782608697, "(46, 39)": 9.123514492753623, "(33, 41)": 14.618438177874188, "(42, 43)": 12.928488792480117, "(105, 105)": 55.69747474747475, "(39, 46)": 170.29181096681094, "(68, 78)": 11.227141828653709, "(22, 186)": 15.667381974248928, "(20, 98)": 16.914735336194564, "(140, 115)": 7.364413447782547, "(20, 218)": 9.61655960028551, "(16, 190)": 14.568198005698006, "(76, 87)": 8.769722814498936, "(139, 80)": 8.816986496090975, "(74, 105)": 15.248971631205674, "(46, 13)": 9.91148936170213, "(116, 67)": 12.276170212765956, "(181, 73)": 8.771524822695035, "(26, 35)": 10.257678697806087, "(26, 152)": 4.920656779661017, "(178, 139)": 4.68802966101695, "(40, 48)": 6.993657505285412, "(6, 47)": 11.37851617440225, "(105, 87)": 9.251371308016877, "(21, 22)": 27.10632911392405, "(80, 84)": 13.234771929824563, "(16, 90)": 15.887649122807018, "(33, 36)": 37.57356442577031, "(74, 96)": 9.466247379454927, "(108, 87)": 8.770754716981132, "(54, 42)": 16.29954577218728, "(74, 177)": 16.77695258019526, "(67, 139)": 9.086847599164928, "(117, 115)": 16.793667362560893, "(39, 23)": 14.422847222222222, "(184, 107)": 8.284303534303534, "(70, 70)": 60.476784476784474, "(76, 88)": 16.234719334719337, "(58, 22)": 10.939868603042877, "(23, 36)": 22.841874135546334, "(20, 190)": 17.85961272475795, "(117, 80)": 4.535192837465565, "(135, 22)": 12.752302405498282, "(220, 239)": 8.907216494845361, "(70, 17)": 14.061316872427984, "(60, 61)": 15.202943189596168, "(16, 46)": 9.202224503764544, "(185, 189)": 9.589390828199864, "(22, 21)": 16.222450376454482, "(225, 189)": 8.425204918032787, "(183, 183)": 156.18033401499662, "(87, 17)": 6.131561008861622, "(46, 68)": 14.554285714285715, "(96, 68)": 9.573571428571428, "(190, 59)": 10.980991174473864, "(53, 36)": 13.757603530210455, "(21, 46)": 9.317004732927654, "(100, 137)": 12.685361730899256, "(45, 36)": 13.769168356997971, "(80, 95)": 11.32319134550372, "(64, 20)": 8.003400673400673, "(100, 114)": 6.315456989247312, "(115, 73)": 11.172647849462367, "(190, 190)": 50.66794097920858, "(190, 107)": 13.643125419181757, "(225, 67)": 8.897824631860777, "(81, 81)": 57.18791834002677, "(96, 80)": 12.225183700734801, "(107, 53)": 10.697795591182365, "(22, 121)": 13.131262525050099, "(142, 142)": 69.21296666666667, "(67, 185)": 9.151166666666667, "(152, 26)": 4.831540504648075, "(50, 22)": 17.23754980079681, "(68, 68)": 40.869621513944224, "(26, 36)": 38.06520874751491, "(49, 22)": 23.45347912524851, "(228, 190)": 12.440424121935056, "(60, 58)": 21.743551587301585, "(185, 67)": 9.512268518518518, "(74, 17)": 17.437400793650795, "(45, 5)": 8.601188118811882, "(161, 31)": 9.821584158415842, "(52, 36)": 15.770783926218709, "(41, 8)": 9.51689723320158, "(26, 39)": 5.482248520710059, "(88, 107)": 9.33487532808399, "(55, 55)": 51.84757217847769, "(107, 91)": 5.027832351015062, "(190, 23)": 12.771265492498369, "(46, 36)": 13.540006510416667, "(53, 68)": 10.616015625, "(47, 48)": 19.79805068226121, "(22, 98)": 15.22755035737492, "(22, 42)": 12.601169590643275, "(4, 35)": 8.731776913099871, "(39, 152)": 7.679644012944984, "(124, 133)": 11.768608414239482, "(23, 60)": 19.42252427184466, "(91, 68)": 8.742168284789644, "(36, 81)": 41.51245954692557, "(6, 23)": 10.118798449612402, "(41, 66)": 9.362112403100776, "(116, 107)": 9.525904392764858, "(45, 61)": 11.138513513513514, "(73, 104)": 14.305544871794872, "(60, 80)": 9.164495530012772, "(116, 189)": 9.815838113448056, "(105, 97)": 12.702798982188295, "(22, 161)": 10.31014631043257, "(10, 10)": 44.94340937896071, "(80, 225)": 7.936945500633714, "(17, 68)": 9.930645161290323, "(133, 124)": 23.027146464646467, "(75, 80)": 6.925094696969697, "(161, 192)": 9.248645242596094, "(59, 222)": 6.8594202898550725, "(7, 22)": 8.516132075471697, "(57, 16)": 40.43666666666666, "(163, 163)": 56.42269303201507, "(59, 152)": 7.214249843063402, "(80, 185)": 6.1911654135338345, "(46, 46)": 50.71041275797373, "(98, 20)": 28.404033771106942, "(105, 80)": 11.923644859813084, "(45, 45)": 52.472336448598135, "(74, 79)": 8.890404984423675, "(112, 100)": 8.004885590599876, "(20, 157)": 14.36917130488559, "(190, 42)": 16.740833333333335, "(36, 52)": 10.759396179913741, "(80, 90)": 11.235951940850278, "(47, 6)": 10.384622467771639, "(80, 105)": 11.964154411764705, "(107, 107)": 33.286483180428135, "(31, 190)": 13.617584097859327, "(189, 60)": 10.103296703296703, "(80, 88)": 10.747588522588522, "(88, 189)": 10.72827544180378, "(189, 189)": 58.981843065693425, "(91, 107)": 5.807498482088646, "(139, 67)": 8.328931390406801, "(13, 46)": 15.962811171827564, "(97, 105)": 12.07501512401694, "(11, 69)": 9.871566848154869, "(224, 224)": 40.94574275362319, "(68, 177)": 11.892646172393007, "(41, 33)": 14.49632972322503, "(75, 189)": 7.7101801801801795, "(143, 90)": 4.283453453453453, "(22, 163)": 10.117324955116695, "(47, 157)": 12.07034709754638,